<?xml version="1.0" ?>
<LOG_ROOT>
	<PROJECT NAME="P2">
		<CBX_INST_ENTRY INSTANCE_NAME="|P2|lpm_mux:Mux0" CBX_FILE_NAME="mux_4cc.tdf"/>
		<CBX_INST_ENTRY INSTANCE_NAME="|P2|lpm_mux:Mux2" CBX_FILE_NAME="mux_4cc.tdf"/>
		<CBX_INST_ENTRY INSTANCE_NAME="|P2|lpm_mux:Mux4" CBX_FILE_NAME="mux_kdc.tdf"/>
		<CBX_INST_ENTRY INSTANCE_NAME="|P2|lpm_mux:Mux1" CBX_FILE_NAME="mux_4cc.tdf"/>
		<CBX_INST_ENTRY INSTANCE_NAME="|P2|lpm_mux:Mux3" CBX_FILE_NAME="mux_4cc.tdf"/>
		<CBX_INST_ENTRY INSTANCE_NAME="|P2|lpm_mux:Mux5" CBX_FILE_NAME="mux_kdc.tdf"/>
	</PROJECT>
</LOG_ROOT>
